Section,Bridges,Aqueducts,Pumps,next turning back,Turning Points,next turning forward,Tunnels,Lock Status,Lockage,Latitude,Longitude,Boat Hires,Marina,Hire names,Marina names
"Lock 1, Hanham Lock",0,0,0,30,1,1,0,1,0,51.42853307,-2.510166968,0,,,
139,0,0,0,29,0,1,0,0,0,51.426327,-2.508356,0,,,
138,0,0,0,28,0,2,0,0,0,51.428014,-2.500576,0,,,
137,1,0,0,27,0,3,0,0,0,51.42658998,-2.488109743,0,,,
"Lock 2, Keynsham Lock",0,0,0,26,0,4,0,1,0,51.41972831,-2.492017435,0,,,
136,3,0,0,25,0,5,0,0,0,51.41880123,-2.490681229,0,,,
135,1,0,0,24,0,6,0,0,0,51.42118406,-2.483818845,0,,,
134,0,0,0,23,0,7,0,0,0,51.41896836,-2.47181304,0,,,
133,2,0,0,22,0,8,0,0,0,51.41675266,-2.459807235,0,,,
"Lock 3, Swineford Lock",0,0,0,21,0,9,0,1,0,51.41817243,-2.444681488,0,,,
132,0,0,0,20,0,10,0,0,0,51.41393378,-2.443881923,0,,,
"Lock 4, Saltford Lock",0,0,0,19,0,11,0,1,0,51.40969513,-2.443082358,0,,,
131,0,0,0,18,0,12,0,0,0,51.40696485,-2.446348711,0,,,
130,1,0,0,17,0,13,0,0,0,51.40423458,-2.449615064,0,,,
"Lock 5, Kelston Lock",0,0,0,16,0,14,0,1,0,51.40057768,-2.448786199,0,,,
129,0,0,0,15,0,15,0,0,0,51.397106,-2.446186,0,85,,Saltford Marina
128,0,0,0,14,0,16,0,0,0,51.392143,-2.435596,0,,,
127,1,0,0,13,0,17,0,0,0,51.3915433,-2.426958697,0,,,
126,2,0,0,12,0,18,0,0,0,51.3901216,-2.408042056,0,50,,Bath Marina
"Lock 6, Weston Lock",0,0,0,11,0,19,0,1,0,51.38256926,-2.396954873,0,,,
125,1,0,0,10,0,20,0,0,0,51.38777766,-2.405612764,0,,,
124,3,0,0,9,0,21,0,0,0,51.38232128,-2.388391251,0,,,
123,4,0,0,8,0,22,0,0,0,51.38414888,-2.37775073,0,,,
122,4,0,0,7,0,23,0,0,0,51.37923558,-2.364804705,0,,,
"Lock 13, Bath Top Lock",0,0,0,6,0,24,0,1,0,51.38045155,-2.349022028,0,,,
"Lock 12, Pulteney Gardens Lock",0,0,0,5,0,25,0,1,0,51.37978065,-2.348936601,0,,,
"Lock 11, Horse Shoe Bridge Lock",0,0,0,4,0,26,0,1,0,51.37891849,-2.349178796,0,,,
"Lock 10, Wash House Lock",0,0,0,3,0,27,0,1,0,51.37719941,-2.35133548,0,,,
"Lock 8/9, Bath Deep Lock",0,0,0,2,0,28,0,1,0,51.37693878,-2.35236428,0,,,
"Lock 7, Bath Bottom Lock",0,0,0,1,0,29,0,1,0,51.37717024,-2.35462877,0,,,
121,8,0,2,1,1,30,0,0,0,51.37785815,-2.352946826,0,,,
120,3,0,0,0,1,1,2,0,0,51.384891,-2.348442254,4,4,"Bath Canal Boat Company, Anglo Welsh",Bath Narrowboats
119,1,0,0,2,0,1,0,0,0,51.39164013,-2.34115347,0,,,
118,1,0,0,1,0,2,0,0,0,51.39425467,-2.332699157,0,,,
117,2,0,0,2,2,3,0,0,0,51.39523927,-2.317621199,4,,"Bloomsbury Canal Boats Ltd, Bath Narrowboats, Hunky dory days",
116,0,0,0,1,0,1,0,0,0,51.38721245,-2.310511117,0,,,
115,1,0,2,3,1,2,0,0,0,51.37918563,-2.303401035,0,,,
114,1,0,0,2,0,1,0,0,0,51.37653439,-2.302211643,0,,,
113,3,0,0,1,0,2,0,0,0,51.36377226,-2.310210333,7,,Anglo Welsh (Bath),
112,0,2,0,9,1,3,0,0,0,51.36040291,-2.310360601,0,,,
111,1,0,0,8,0,1,0,0,0,51.34990018,-2.311786338,0,,,
110,0,0,0,7,0,2,0,0,0,51.34524909,-2.301678267,0,,,
109,1,0,0,6,0,3,0,0,0,51.340598,-2.291570195,0,,,
108,0,2,0,5,0,4,0,0,0,51.33910319,-2.282545232,0,,,
107,2,0,0,4,0,5,0,0,0,51.34207337,-2.2661391,0,,,
"Lock 14, Bradford On Avon Lock",0,0,0,3,0,6,0,1,0,51.34118432,-2.251929852,0,,,
106,1,0,1,2,0,7,0,0,0,51.34119675,-2.252000981,9,,"Black Prince Holidays Ltd, Wiltshire Narrowboats",
105,2,0,0,1,0,8,0,0,0,51.33677016,-2.245361431,0,,,
104,0,0,0,5,1,9,0,0,0,51.33453431,-2.227593868,20,,Sally Narrowboats,
103,1,0,0,4,0,1,0,0,0,51.33458734,-2.214676232,0,,,
102,3,2,0,3,0,2,0,0,0,51.33549246,-2.207238198,13,60,Hilperton Marina (ABC boat hire),Hilperton Marina
101,2,0,0,2,0,3,0,0,0,51.34235325,-2.196286512,26,,"Nuthatch, Canal boat holidays.net",
100,1,0,0,1,0,4,0,0,0,51.34403116,-2.187387641,0,,,
99,2,0,0,49,1,5,0,0,0,51.3456926,-2.170132231,0,,,
98,1,1,0,48,0,1,0,0,0,51.34702116,-2.152734364,0,,,
"Lock 16, Harris Lock",0,0,0,47,0,2,0,1,0,51.347469,-2.140110876,0,,,
"Lock 15, Semington Lock",0,0,0,46,0,3,0,1,0,51.34797785,-2.143829435,0,,,
97,2,1,1,45,0,4,0,0,0,51.3479623,-2.143667087,0,,,
96,3,0,0,44,0,5,0,0,0,51.3468622,-2.127840613,0,,,
95,1,0,0,43,0,6,0,0,0,51.34962264,-2.116607646,0,,,
"Lock 17, Seend Bottom Lock",0,0,0,42,0,7,0,1,0,51.35180357,-2.105831666,0,,,
"Lock 18, Seend Lock",0,0,0,41,0,8,0,1,0,51.35156669,-2.100925675,0,,,
Lock 19. Seend Lock,0,0,0,40,0,9,0,1,0,51.3514161,-2.097490569,0,,,
94,2,0,1,39,0,10,0,0,0,51.35165147,-2.102027329,0,,,
"Lock 21, Seend Lock",0,0,0,38,0,11,0,1,0,51.35230687,-2.091580751,0,,,
"Lock 20, Seend Lock",0,0,0,37,0,12,0,1,0,51.35167387,-2.094584158,0,,,
93,2,0,0,36,0,13,0,0,0,51.35277806,-2.089277704,0,,,
92,2,0,0,35,0,14,0,0,0,51.354886,-2.075939315,0,,,
91,2,1,0,34,0,15,0,0,0,51.35563054,-2.061297092,0,,,
"Lock 22, Lower Foxhangers Lock",0,0,0,33,0,16,0,1,0,51.35423972,-2.050433299,0,,,
"Lock 23, Foxhangers Lock",0,0,0,32,0,17,0,1,0,51.35391827,-2.04639141,0,,,
"Lock 24, Devizes Lock",0,0,0,31,0,18,0,1,0,51.35336361,-2.043673203,0,,,
"Lock 25, Devizes Lock",0,0,0,30,0,19,0,1,0,51.35306732,-2.041964526,0,,,
90,4,0,1,29,0,20,0,0,0,51.35408305,-2.050923277,18,250,Foxhangers Canal holidays,Caen Hill Marina
"Lock 26, Devizes Lock",0,0,0,28,0,21,0,1,0,51.35280606,-2.04027394,0,,,
"Lock 27, Marsh Lane Lock",0,0,0,27,0,22,0,1,0,51.35251254,-2.037959291,0,,,
"Lock 35, Devizes Lock",0,0,0,26,0,23,0,1,0,51.35224585,-2.026529339,0,,,
"Lock 28, Devizes Lock",0,0,0,25,0,24,0,1,0,51.35217128,-2.034574018,0,,,
"Lock 34, Devizes Lock",0,0,0,24,0,25,0,1,0,51.35221892,-2.027468471,0,,,
"Lock 33, Lloyds Lock",0,0,0,23,0,26,0,1,0,51.35218597,-2.028417415,0,,,
"Lock 30, Devizes Lock",0,0,0,22,0,27,0,1,0,51.35210676,-2.031275123,0,,,
"Lock 29, Devizes Lock",0,0,0,21,0,28,0,1,0,51.35207661,-2.032202834,0,,,
"Lock 32, Devizes Lock",0,0,0,20,0,29,0,1,0,51.35215944,-2.029349066,0,,,
"Lock 31, Devizes Lock",0,0,0,19,0,30,0,1,0,51.35213678,-2.030351862,0,,,
89,1,0,0,18,0,31,0,0,0,51.35220382,-2.034903484,0,,,
"Lock 46, A P Herbert Lock",0,0,0,17,0,32,0,1,0,51.35262627,-2.012878956,0,,,
"Lock 45, Cave Lock",0,0,0,16,0,33,0,1,0,51.35255282,-2.015463837,0,,,
"Lock 44, Sir Hugh Stockwell",0,0,0,15,0,34,0,1,0,51.35248026,-2.017997884,0,,,
"Lock 43, Queen Elizabeth Lock",0,0,0,14,0,35,0,1,0,51.35246579,-2.019049758,0,,,
"Lock 42, Monument Lock",0,0,0,13,0,36,0,1,0,51.35242711,-2.019985739,0,,,
"Lock 41, Devizes Lock",0,0,0,12,0,37,0,1,0,51.35239882,-2.020942525,0,,,
"Lock 40, Devizes Lock",0,0,0,11,0,38,0,1,0,51.35237286,-2.021872126,0,,,
"Lock 39, Devizes Lock",0,0,0,10,0,39,0,1,0,51.35234722,-2.022820022,0,,,
"Lock 38, Devizes Lock",0,0,0,9,0,40,0,1,0,51.35232211,-2.023737931,0,,,
"Lock 37, Devizes Lock",0,0,0,8,0,41,0,1,0,51.35230276,-2.024665788,0,,,
"Lock 36, Devizes Lock",0,0,0,7,0,42,0,1,0,51.35227195,-2.02559336,0,,,
88,1,0,0,6,0,43,0,0,0,51.3524711,-2.018237549,0,,,
"Lock 50, Kennet Lock (Top Lock)",0,0,0,5,0,44,0,1,0,51.35449965,-2.000592178,0,,,
"Lock 49, Maton Lock",0,0,0,4,0,45,0,1,0,51.35350434,-2.004645069,0,,,
"Lock 48, Trust Lock",0,0,0,3,0,46,0,1,0,51.35308773,-2.007431105,0,,,
"Lock 47, Manifold Lock",0,0,0,2,0,47,0,1,0,51.35275219,-2.010283187,0,,,
87,3,0,0,1,0,48,0,0,0,51.35328671,-2.00741474,0,,,
86,3,0,0,2,1,49,0,0,0,51.35506443,-1.991898104,4,,White Horse Boats,
85,2,0,0,1,0,1,0,0,0,51.35896973,-1.977474711,0,,,
84,0,0,0,2,1,2,0,0,0,51.36161871,-1.963314131,0,107,,Devizes Marina Village
83,1,0,0,1,0,1,0,0,0,51.36370969,-1.956311722,0,,,
82,1,0,0,4,1,2,0,0,0,51.36937771,-1.943678106,0,,,
81,1,0,0,3,0,1,0,0,0,51.37341321,-1.938866305,0,,,
80,1,0,0,2,0,2,0,0,0,51.36992928,-1.924874374,0,,,
79,1,0,0,1,0,3,0,0,0,51.36359683,-1.921817644,0,,,
78,1,0,0,5,1,4,0,0,0,51.36099284,-1.911085606,0,,,
77,2,0,0,4,0,1,0,0,0,51.36182392,-1.900095048,0,,,
76,1,0,0,3,0,2,0,0,0,51.35954602,-1.89076411,0,,,
75,1,0,0,2,0,3,0,0,0,51.3571239,-1.872117616,0,,,
74,1,0,0,1,0,4,0,0,0,51.35326091,-1.867149036,0,,,
73,2,0,0,8,1,5,0,0,0,51.35175781,-1.848286941,10,16,"Moonraker Canalboats, Honeystreet Boats",Gibson's Boat Services
72,2,0,0,7,0,1,0,0,0,51.34626481,-1.841335612,0,,,
71,1,0,0,6,0,2,0,0,0,51.34544477,-1.827077249,0,,,
70,1,0,0,5,0,3,0,0,0,51.34432286,-1.816115303,0,17,,Chasing Duck Moorings
69,3,0,0,4,0,4,0,0,0,51.34960974,-1.803153415,0,,,
68,2,0,0,3,0,5,0,0,0,51.35207591,-1.788984364,0,,,
67,1,0,0,2,0,6,0,0,0,51.34877593,-1.775324573,0,,,
66,1,0,0,1,0,7,0,0,0,51.34942859,-1.765139159,0,,,
65,1,0,0,5,1,8,0,0,0,51.3545415,-1.747952648,0,,,
64,1,0,0,4,0,1,0,0,0,51.35772432,-1.737061248,0,,,
63,1,0,0,3,0,2,0,0,0,51.3611277,-1.723172361,0,,,
"Lock 52, Heathy Close Lock",0,0,0,2,0,3,0,1,0,51.3673882,-1.711385086,0,,,
"Lock 51, Wootton Rivers",0,0,0,1,0,4,0,1,0,51.3652028,-1.716186709,0,,,
62,3,0,1,8,1,5,0,0,0,51.36477187,-1.71646879,0,,,
"Lock 54, Cadley Lock",0,0,0,7,0,1,0,1,0,51.36960222,-1.696770117,0,,,
"Lock 53, Brimslade Lock 53",0,0,0,6,0,2,0,1,0,51.36948519,-1.700246266,0,,,
61,2,0,0,5,0,3,0,0,0,51.36953188,-1.698838121,0,,,
60,0,0,0,4,0,4,0,0,0,51.36978948,-1.68897849,0,,,
59,1,0,0,3,0,5,0,0,0,51.37004707,-1.679118858,0,,,
58,0,0,0,2,0,6,1,0,0,51.3645552,-1.661641663,0,,,
"Lock 55, Crofton Top Lock",0,0,0,1,0,7,0,1,0,51.35906333,-1.644164467,0,,,
57,2,0,0,11,1,8,0,0,0,51.35968362,-1.646214846,0,,,
"Lock 56, Crofton Lock",0,0,0,10,0,1,0,1,0,51.35883583,-1.640280117,0,,,
"Lock 57, Crofton Lock",0,0,0,9,0,2,0,1,0,51.35835154,-1.635801835,0,,,
"Lock 58, Crofton Lock",0,0,0,8,0,3,0,1,0,51.35757421,-1.631517961,0,,,
56,1,0,0,7,0,4,0,0,0,51.36062369,-1.622144314,0,,,
"Lock 60, Crofton Lock",0,0,0,6,0,5,0,1,0,51.35951082,-1.623887024,0,,,
"Lock 59, Crofton Lock",0,0,0,5,0,6,0,1,0,51.36733181,-1.611340472,0,,,
"Lock 61, Crossing Lock",0,0,0,4,0,7,0,1,0,51.36477748,-1.615598886,0,,,
55,1,0,2,3,0,8,0,0,0,51.36679156,-1.612384476,0,,,
"Lock 63, Beech Grove Lock",0,0,0,2,0,9,0,1,0,51.37555521,-1.601740845,0,,,
"Lock 62, Longmans Cottage",0,0,0,1,0,10,0,1,0,51.37366371,-1.603352328,0,,,
54,2,0,0,8,1,11,0,0,0,51.382378,-1.594224733,0,,,
"Lock 64, Church Lock",0,0,0,7,0,1,0,1,0,51.37852755,-1.598612338,0,,,
53,2,0,0,6,0,2,0,0,0,51.3876092,-1.586799741,0,,,
"Lock 65, Burnt Mill Lock",0,0,0,5,0,3,0,1,0,51.38981193,-1.585229121,0,,,
52,1,0,0,4,0,4,0,0,0,51.39201465,-1.583658501,5,,Bruce Branch of The Kennet & Avon Canal Trust,
"Lock 66, Potters Lock",0,0,0,3,0,5,0,1,0,51.39424637,-1.580374838,0,,,
51,0,0,0,2,0,6,0,0,0,51.40496228,-1.568535516,0,,,
"Lock 67, Little Bedwyn Lock",0,0,0,1,0,7,0,1,0,51.40259538,-1.570970336,0,,,
50,3,0,0,5,1,8,0,0,0,51.40354524,-1.569874515,0,,,
"Lock 69, Froxfield Top Lock",0,0,0,4,0,1,0,1,0,51.40742402,-1.565490215,0,,,
"Lock 68, Oakhill Down Lock",0,0,0,3,0,2,0,1,0,51.40822834,-1.562552619,0,,,
49,1,1,0,2,0,3,0,0,0,51.41100133,-1.548164056,0,,,
"Lock 70, Froxfield Bottom Lock",0,0,0,1,0,4,0,1,0,51.41194203,-1.543902688,0,,,
48,1,0,0,8,1,5,0,0,0,51.41407403,-1.539284087,0,,,
"Lock 71, Picketsfield",0,0,0,7,0,1,0,1,0,51.41428762,-1.537260925,0,,,
47,2,0,0,6,0,2,0,0,0,51.4163752,-1.521926537,0,,,
"Lock 73, Hungerford Marsh Lock",0,0,0,5,0,3,0,1,0,51.41623343,-1.512888073,0,,,
"Lock 72, Cobblers Lock",0,0,0,4,0,4,0,1,0,51.41170308,-1.496024933,0,,,
46,2,1,0,3,0,5,0,0,0,51.41171267,-1.496473591,0,,,
"Lock 74, Hungerford Lock",0,0,0,2,0,6,0,1,0,51.41041894,-1.479944683,0,,,
45,1,0,0,1,0,7,0,0,0,51.41026972,-1.47906429,0,,,
44,2,0,0,2,1,8,0,0,0,51.40590724,-1.467544155,0,,,
"Lock 75, Dunmill Lock",0,0,0,1,0,1,0,1,0,51.40731243,-1.470584572,0,,,
43,1,0,0,2,1,2,0,0,0,51.4019869,-1.4538514,0,,,
"Lock 76, Wire Lock",0,0,0,1,0,1,0,1,0,51.40211479,-1.446881657,0,,,
42,1,1,0,3,1,2,0,0,0,51.40217561,-1.444656298,0,,,
"Lock 77, Brunsden Lock",0,0,0,2,0,1,0,1,0,51.4020931,-1.428510279,0,,,
41,2,0,0,1,0,2,0,0,0,51.41485718,-1.532293549,0,,,
40,3,0,0,5,1,3,0,0,0,51.40283286,-1.411592814,0,,,
"Lock 78, Kintbury Lock",0,0,0,4,0,1,0,1,0,51.41683084,-1.517832363,0,,,
39,2,0,0,3,0,2,0,0,0,51.40282744,-1.41145106,0,,,
38,1,0,0,2,0,3,0,0,0,51.40084162,-1.401805659,0,,,
"Lock 79, Dreweatts Lock",0,0,0,1,0,4,0,1,0,51.40088479,-1.398768158,0,,,
37,2,0,0,2,1,5,0,0,0,51.40087214,-1.392769892,0,,,
"Lock 80, Copse Lock",0,0,0,1,0,1,0,1,0,51.40087126,-1.392446073,0,,,
36,1,0,0,9,1,2,0,0,0,51.39639936,-1.369984745,0,,,
"Lock 81, Hamstead Lock",0,0,0,8,0,1,0,1,0,51.39720125,-1.37468065,0,,,
35,1,0,0,7,0,2,0,0,0,51.39803578,-1.357841021,0,,,
"Lock 82, Benham Lock",0,0,0,6,0,3,0,1,0,51.39763571,-1.358419651,0,,,
34,2,0,0,5,0,4,0,0,0,51.39941364,-1.347423368,0,,,
"Lock 83, Higgs Lock",0,0,0,4,0,5,0,1,0,51.39945495,-1.347129255,0,,,
33,2,0,0,3,0,6,0,0,0,51.40107856,-1.329344199,0,,,
"Lock 84, Guyers Lock",0,0,0,2,0,7,0,1,0,51.40149033,-1.325290371,0,,,
32,1,0,0,1,0,8,0,0,0,51.40192653,-1.319670638,0,,,
31,2,0,0,2,1,9,0,0,0,51.40302955,-1.312256276,0,,,
"Lock 85, Newbury Lock",0,0,0,1,0,1,0,1,0,51.40220023,-1.301137094,0,,,
30,7,0,0,3,1,2,0,0,0,51.40265073,-1.306437973,2,100,Newbury Marina,Newbury Marina
"Lock 86, Greenham Lock",0,0,0,2,0,1,0,1,0,51.39994128,-1.292598806,0,,,
"Lock 87, Ham Lock",0,0,0,1,0,2,0,1,0,51.39714998,-1.285133279,0,,,
29,3,0,0,3,1,3,0,0,0,51.39601752,-1.28209783,0,100,,"Greenham lock marina, Newbury Boat Company"
28,4,0,0,2,0,1,0,0,0,51.39326515,-1.271354838,0,,,
"Lock 88, Bulls Lock",0,0,0,1,0,2,0,1,0,51.39294031,-1.259624698,0,,,
27,3,0,0,4,1,3,0,0,0,51.39261547,-1.247894558,0,,,
"Lock 89, Widmead Lock",0,0,0,3,0,1,0,1,0,51.39256853,-1.249269102,0,,,
26,0,0,0,2,0,2,0,0,0,51.39361185,-1.237707294,0,,,
"Lock 90, Monkey Marsh Lock",0,0,0,1,0,3,0,1,0,51.39365614,-1.226686862,0,,,
25,3,0,0,5,1,4,0,0,0,51.39339233,-1.223908676,0,,,
24,2,0,0,4,0,1,0,0,0,51.39281423,-1.21004408,0,,,
"Lock 91, Colthrop Lock",0,0,0,3,0,2,0,1,0,51.39288012,-1.210322317,0,,,
23,6,0,0,2,0,3,0,0,0,51.39331121,-1.193851166,0,,,
"Lock 92, Midgham Lock",0,0,0,1,0,4,0,1,0,51.39323486,-1.194424459,0,,,
22,1,0,0,2,1,5,0,0,0,51.39535335,-1.180175327,0,,,
"Lock 93, Heales Lock",0,0,0,1,0,1,0,1,0,51.39493341,-1.180050464,0,,,
21,2,0,0,8,1,2,0,0,0,51.39432982,-1.166397232,0,,,
"Lock 94, Woolhampton Lock",0,0,0,7,0,1,0,1,0,51.39577537,-1.152547148,0,,,
20,5,0,0,6,0,2,0,0,0,51.40003572,-1.139696286,0,,,
19,1,0,0,5,0,3,0,0,0,51.4006881,-1.130327518,0,,,
18,1,0,0,4,0,4,0,0,0,51.40019997,-1.137448573,0,160,,Frouds Bridge Marina
17,1,0,0,3,0,5,0,0,0,51.40045624,-1.13303204,0,,,
"Lock 96, Padworth Middle Lock",0,0,0,2,0,6,0,1,0,51.40779455,-1.124474124,0,,,
"Lock 95, Aldermaston Lock",0,0,0,1,0,7,0,1,0,51.40560061,-1.125243126,0,,,
16,1,0,0,6,1,8,0,0,0,51.41335571,-1.113289571,40,20,"ABC Boat Hire, Canal holidays.net, Reading Marine",Aldermaston Wharf
"Lock 97, Towney Lock",0,0,0,5,0,1,0,1,0,51.41334489,-1.112881286,0,,,
15,2,0,0,4,0,2,0,0,0,51.41853117,-1.1005824,0,,,
"Lock 98, Ufton Lock",0,0,0,3,0,3,0,1,0,51.41826831,-1.100938479,0,,,
14,2,0,0,2,0,4,0,0,0,51.42283744,-1.090951955,0,,,
"Lock 99, Tyle Mill Lock",0,0,0,1,0,5,0,1,0,51.424673,-1.084869881,0,,,
13,2,0,0,5,1,6,0,0,0,51.42598233,-1.074844144,0,,,
12,2,0,0,4,0,1,0,0,0,51.43089692,-1.068745227,0,,,
"Lock 100, Sulhamstead Lock",0,0,0,3,0,2,0,1,0,51.43077177,-1.067690007,0,,,
11,1,0,0,2,0,3,0,0,0,51.35760009,-1.631843652,0,,,
"Lock 101, Sheffield Lock",0,0,0,1,0,4,0,1,0,51.43193016,-1.058001176,0,,,
10,1,0,0,16,1,5,0,0,0,51.43381059,-1.053620747,0,,,
"Lock 102, Garston Lock",0,0,0,15,0,1,0,1,0,51.43415491,-1.049066496,0,,,
9,1,0,0,14,0,2,0,0,0,51.3574996,-1.628038722,0,,,
8,1,0,0,13,0,3,0,0,0,51.43318802,-1.032383864,0,,,
"Lock 103, Burghfield Lock",0,0,0,12,0,4,0,1,0,51.35864136,-1.624858017,0,,,
7,2,0,0,11,0,5,0,0,0,51.43266124,-1.0297997,0,,,
6,1,0,0,10,0,6,0,0,0,51.43198286,-1.02116082,0,,,
"Lock 104, Southcote Lock",0,0,0,9,0,7,0,1,0,51.43599079,-1.004529499,0,,,
5,3,0,0,8,0,8,0,0,0,51.43618595,-1.002149831,0,,,
"Lock 105, Fobney Lock",0,0,0,7,0,9,0,1,0,51.43444552,-0.98625942,0,,,
4,2,0,0,6,0,10,0,0,0,51.43496975,-0.991531607,0,,,
3,2,0,0,5,0,11,0,0,0,51.43577747,-0.97690565,0,,,
2,2,0,0,4,0,12,0,0,0,51.44354932,-0.974400111,0,,,
"Lock 106, County Lock",0,0,0,3,0,13,0,1,0,51.45114277,-0.973639128,0,,,
"Lock 107, Blakes Lock",0,0,0,2,0,14,0,1,0,51.45610187,-0.954543498,0,,,
1,4,0,0,1,0,15,0,0,0,51.45129772,-0.972180655,0,,,
0,0,0,0,1,1,1,0,0,0,,,0,446,,Thames and Kennet Marina
